{"cameraMode":{"drawMode":0,"name":"Shaded","section":"Shading Mode"},"sceneLighting":true,"audioPlay":false,"sceneViewState":{"m_AlwaysRefresh":false,"showFog":true,"showSkybox":true,"showFlares":true,"showImageEffects":true,"showParticleSystems":true,"showVisualEffectGraphs":true,"m_FxEnabled":true},"in2DMode":false,"pivot":{"x":-4.517427921295166,"y":2.9502792358398439,"z":90.66751098632813},"rotation":{"x":0.02580442652106285,"y":-0.013499071821570397,"z":0.0003482670581433922,"w":0.9995781183242798},"size":58.05316162109375,"orthographic":false}